index_name,close,close_pct_chg,high,low,money,name,open,volume
000001.XSHG,3696.17,0.005662030386138994,3699.65,3634.01,484990205753.6,上证指数,3661.78,36105980400.0
000002.XSHG,3874.58,0.0056530315614617965,3878.25,3809.42,484380225787.0,A股指数,3838.55,36059659900.0
